NtsbNo,EventType,Mkey,EventDate,City,State,Country,ReportNo,N,HasSafetyRec,ReportType,OriginalPublishDate,HighestInjuryLevel,FatalInjuryCount,SeriousInjuryCount,MinorInjuryCount,ProbableCause,EventID,Latitude,Longitude,Make,Model,AirCraftCategory,AirportID,AirportName,AmateurBuilt,NumberOfEngines,Scheduled,PurposeOfFlight,FAR,AirCraftDamage,WeatherCondition,Operator,ReportStatus,RepGenFlag,DocketUrl,DocketPublishDate
WPR24FA298,ACC,195073,2024-09-06T12:59:00Z,Yacolt,Washington,United States,,N53466,FALSE,DirectorBrief,,Fatal,1,1,0,,,45.7829,-122.17305,BOEING,A75L3,AIR,,,FALSE,1,,PERS,91,Substantial,VMC,,In work,FALSE,,
CEN23MA034,ACC,106276,2022-11-12T14:22:00Z,Dallas,Texas,United States,,"N7227C, N6763",FALSE,DirectorBrief,,Fatal,6,0,0,,,32.673779,-96.862801,"BOEING, BELL","B17, P63","AIR,AIR",RBD,Dallas Executive,"FALSE,FALSE","4,1",,"ASHO,ASHO","91,091","Destroyed,Destroyed",VMC,"Commemorative Air Force,Commemorative Air Force",In work,FALSE,https://data.ntsb.gov/Docket?ProjectID=106276,3/8/2024 6:00:00 PM
DCA22WA102,ACC,104807,2022-03-21T06:30:00Z,Wuzhou,,China,,B-1791,FALSE,None,,Fatal,132,0,0,,,0,0,BOEING,737,AIR,,,FALSE,,,,NUSC,Destroyed,,China Eastern Airlines,N/A,FALSE,,
ENG22WA003,INC,104315,2021-10-31T04:00:00Z,Ciudad de la Costa,,Uruguay,,CX-CAR,FALSE,None,,Fatal,2,0,0,,,0,0,BOEING,727,AIR,,SUMU,FALSE,3,,,UNK,None,,Air Class Cargo,N/A,FALSE,,
CEN21FA424,ACC,103896,2021-09-17T08:00:00Z,Delta,Colorado,United States,,N19BB,FALSE,DirectorBrief,2023-08-23T04:00:00Z,Fatal,1,0,0,"The pilot’s loss of control during an aerobatic maneuver, resulting in the airplane impacting terrain.",,38.83478,-108.02654,BOEING,A75,AIR,AJZ,Delta County Airport Blake Field,FALSE,1,,PERS,91,Substantial,VMC,,Completed,FALSE,https://data.ntsb.gov/Docket?ProjectID=103896,8/23/2023 5:00:00 PM
DCA21WA066,ACC,102507,2021-01-09T15:40:00Z,Jakarta,,Indonesia,,PK-CLC,FALSE,None,,Fatal,62,0,0,,,-6.12557,106.655998,BOEING,737,AIR,CGK,Soekarno-Hatta International Airport,FALSE,,SCHD,,NUSC,Destroyed,,Sriwijaya Air,N/A,FALSE,,
DCA20RA069,ACC,100901,2020-02-05T17:19:00Z,Istanbul,,Turkey,,TC-IZK,FALSE,None,,Fatal,3,19,161,,,0,0,BOEING,737,AIR,,,FALSE,,SCHD,,NUSC,Substantial,,Pegasus Airlines,N/A,FALSE,,
DCA20RA048,ACC,100787,2020-01-08T04:40:00Z,Tehran,,Iran,,UR-PSR,FALSE,None,,Fatal,176,0,0,,,0,0,BOEING,737,AIR,,,FALSE,,SCHD,,NUSC,Destroyed,,Ukraine International Airlines,N/A,FALSE,,
ERA20MA001,ACC,100356,2019-10-02T10:53:00Z,Windsor Locks,Connecticut,United States,,N93012,FALSE,BoardBrief,2021-05-17T04:00:00Z,Fatal,7,5,2,"The pilot’s failure to properly manage the airplane’s configuration and airspeed after he shut down the No. 4 engine following its partial loss of power during the initial climb. Contributing to the accident was the pilot/maintenance director’s inadequate maintenance while the airplane was on tour, which resulted in the partial loss of power to the Nos. 3 and 4 engines; the Collings Foundation’s ineffective safety management system (SMS), which failed to identify and mitigate safety risks; and the Federal Aviation Administration’s inadequate oversight of the Collings Foundation’s SMS.",,41.931667,-72.692222,Boeing,B17,AIR,BDL,Bradley Intl,FALSE,4,,OWRK,91,Destroyed,VMC,Collings Foundation,Completed,FALSE,https://data.ntsb.gov/Docket?ProjectID=100356,12/8/2020 7:00:00 PM
DCA19RA101,ACC,99078,2019-03-10T05:00:00Z,Addis Ababa,,Ethiopia,,ET-AVJ,FALSE,None,,Fatal,157,0,0,,,0,0,BOEING,737,AIR,,,FALSE,,,,NUSC,Destroyed,,Ethiopian Airlines,N/A,FALSE,,
DCA19MA086,ACC,99013,2019-02-23T14:39:00Z,Trinity Bay,Texas,United States,AAR2002,N1217A,TRUE,Report,2020-08-04T04:00:00Z,Fatal,3,0,0,"The inappropriate response by the first officer as the pilot flying to an inadvertent activation of the go-around mode, which led to his spatial disorientation and nose-down control inputs that placed the airplane in a steep descent from which the crew did not recover. Contributing to the accident was the captain's failure to adequately monitor the airplane's flightpath and assume positive control of the airplane to effectively intervene. Also contributing were systemic deficiencies in the aviation industry's selection and performance measurement practices, which failed to address the first officer's aptitude-related deficiencies and maladaptive stress response. Also contributing to the accident was the Federal Aviation Administration's failure to implement the pilot records database in a sufficiently robust and timely manner.",,29.77,-94.660003,Boeing,767,AIR,KIAH,George Bush Intercontinental,FALSE,2,NSCH,,121,Destroyed,IMC,Atlas Air,Completed,FALSE,https://data.ntsb.gov/Docket?ProjectID=99013,12/19/2019 3:00:00 PM
DCA19RA017,ACC,98554,2018-10-29T04:00:00Z,Jakarta,,Indonesia,,PK-LQP,TRUE,None,,Fatal,191,0,0,,,0,0,BOEING,737,AIR,,,FALSE,,SCHD,,NUSC,Destroyed,,,N/A,FALSE,https://data.ntsb.gov/Docket?ProjectID=98554,6/3/2021 4:00:00 AM
DCA18RA292,ACC,98367,2018-09-28T04:00:00Z,Chuuk,,Federated States Of Micronesia,,P2-PXE,FALSE,None,,Fatal,1,4,11,,,7.456388,151.837219,BOEING,737,AIR,PTKK,Chuuk/Weno International Airpo,FALSE,,SCHD,,NUSC,Substantial,,Air Niugini,N/A,FALSE,,
DCA18RA186,ACC,97278,2018-05-18T17:11:00Z,Havana,,Cuba,,XA-UHZ,FALSE,None,,Fatal,112,1,0,,,0,0,BOEING,737,AIR,MUHA,Havana-José Martí Internationa,FALSE,,SCHD,,NUSC,Destroyed,,Cubana de Aviación,N/A,FALSE,,
DCA18MA142,ACC,97056,2018-04-17T12:03:00Z,Philadelphia,Pennsylvania,United States,AAR1903,N772SW,TRUE,Report,2020-03-10T04:00:00Z,Fatal,1,8,125,"A low-cycle fatigue crack in the dovetail of fan blade No. 13, which resulted in the fan blade separating in flight and impacting the engine fan case at a location that was critical to the structural integrity and performance of the fan cowl structure. This impact led to the in-flight separation of fan cowl components, including the inboard fan cowl aft latch keeper, which struck the fuselage near a cabin window and caused the window to depart from the airplane, the cabin to rapidly depressurize, and the passenger fatality.",,39.871944,-75.239997,BOEING,737 7H4,AIR,KPHL,Philadelphia,FALSE,2,SCHD,,121,Substantial,VMC,SOUTHWEST AIRLINES CO,Completed,FALSE,https://data.ntsb.gov/Docket?ProjectID=97056,11/14/2018 1:00:00 PM
DCA17RA058,ACC,94608,2017-01-16T02:17:00Z,Bishkek,,Kyrgyzstan,,TC-MCL,FALSE,None,,Fatal,39,8,0,,,0,0,BOEING,747,AIR,FRU,Manas International,FALSE,,,,,Destroyed,,,N/A,FALSE,,
DCA17WA044,ACC,94520,2016-12-20T18:30:00Z,Puerto Carreno,,Colombia,,HK4544,FALSE,None,,Fatal,3,3,0,,,0,0,BOEING,727,AIR,,,FALSE,,,,,Destroyed,,,N/A,FALSE,,
WPR16FA169,ACC,93898,2016-08-27T14:25:00Z,Madras,Oregon,United States,,N999PP,FALSE,DirectorBrief,2018-07-16T04:00:00Z,Fatal,1,0,0,The pilot's failure to maintain clearance from the runway during a low-level aerobatic maneuver. Contributing to the accident was a high density altitude and the pilot's failure to plan/adequately compensate for high density altitude conditions.,,44.669166,-121.153335,BOEING,A75N1(PT17),AIR,S33,MADRAS MUNICIPAL,FALSE,1,,ASHO,91,Destroyed,VMC,,Completed,FALSE,https://data.ntsb.gov/Docket?ProjectID=93898,6/13/2018 9:25:00 PM
DCA16RA206,ACC,93749,2016-08-03T04:00:00Z,Dubai,,United Arab Emirates,,A6-EMW,FALSE,None,,Fatal,1,0,0,,,0,0,BOEING,777,AIR,,,FALSE,,,,,Destroyed,,EMIRATES,N/A,FALSE,,
DCA16RA108,ACC,92859,2016-03-19T00:42:00Z,Rostov-on-Don,,Russia,,A6-FDN,FALSE,None,,Fatal,62,0,0,,,0,0,BOEING,737,AIR,,Rostov-on-Don Airport,FALSE,,SCHD,,,Destroyed,,FlyDubai,N/A,FALSE,,
DCA15WA188,ACC,92005,2015-09-05T19:08:00Z,Tambacounda,,Senegal,,"3C-LLY, 6V-AIM",FALSE,None,,Fatal,7,0,0,,,46.418334,-13.669444,"BOEING, HAWKER SIDDELEY","737, HS125","AIR,AIR",,,"FALSE,FALSE","2,",,",","NUSC,NUSC","Minor,",,",",N/A,FALSE,,
DCA14RA127,ACC,89686,2014-07-17T04:00:00Z,Hrabove,,Ukraine,,9M-MRD,FALSE,None,,Fatal,298,0,0,,,0,0,BOEING,777 - 206,AIR,,,FALSE,,SCHD,,NUSC,Destroyed,,MALAYSIAN AIRLINES SYSTEM BERHAD,N/A,FALSE,,
WPR14FA182,ACC,89159,2014-05-04T13:59:00Z,Fairfield,California,United States,,N68828,FALSE,DirectorBrief,2015-12-17T05:00:00Z,Fatal,1,0,0,"The pilot's failure to maintain clearance from the runway during a low-level aerobatic maneuver due to his impairment by an over-the-counter antihistamine. Contributing to the severity of the pilot's injuries were the pilot's lack of fire protective clothing, his inability to egress the cockpit, the rapid spread of the fire, and the decision of the air show's organizers not to have the airport rescue and firefighting services at their highest level of readiness, which delayed arrival of fire suppression equipment.",,38.264446,-121.924163,BOEING,E75,AIR,SUU,Travis AFB,FALSE,,,ASHO,91,Destroyed,VMC,,Completed,FALSE,https://data.ntsb.gov/Docket?ProjectID=89159,11/24/2015 2:11:00 PM
ERA14WA186,ACC,89028,2014-03-29T19:00:00Z,Lujan,,Argentina,,LV-HAF,FALSE,None,2020-11-03T05:00:00Z,Fatal,1,1,0,,,-34.550556,-59.079166,BOEING,B75,AIR,LJN,Lujan,FALSE,1,,PERS,NUSN,Substantial,VMC,,N/A,FALSE,https://data.ntsb.gov/Docket?ProjectID=89028,4/15/2014 8:26:00 PM
DCA14RA076,ACC,88885,2014-03-08T05:00:00Z,Kuala Lampur,,Malaysia,,9M-MRO,FALSE,None,,Fatal,241,0,0,,,0,0,BOEING,777 - 206,AIR,WMKK,Kuala Lumper International,FALSE,,SCHD,,NUSC,Destroyed,,Malaysian Airlines,N/A,FALSE,,
DCA14RA012,ACC,88436,2013-11-17T16:20:00Z,Kazan,,Russia,,VQ-BBN,FALSE,None,2020-11-03T05:00:00Z,Fatal,50,0,0,,,55.606666,49.281665,BOEING,737 - 500,AIR,,,FALSE,,,,,Destroyed,,,N/A,FALSE,,
ERA14LA011,ACC,88255,2013-10-19T13:50:00Z,Tampa,Florida,United States,,N65355,FALSE,DirectorBrief,2014-09-29T04:00:00Z,Fatal,1,0,0,"The parachutist’s low altitude departure from the right wing before the planned altitude and his delayed opening of his parachute canopy, which resulted in impact with a tree and then the ground before the parachute fully opened.",,28.017778,-82.341667,BOEING,B75N1,AIR,X39,Tampa North Aero Park,FALSE,1,,ASHO,91,None,VMC,,Completed,FALSE,https://data.ntsb.gov/Docket?ProjectID=88255,6/2/2014 11:52:00 AM
DCA13MA120,ACC,87395,2013-07-06T11:28:00Z,San Francisco,California,United States,AAR1401,HL7742,TRUE,Report,2015-02-03T05:00:00Z,Fatal,3,50,137,"The  flight  crew's  mismanagement  of  the  airplane's  descent  during  the  visual approach, the pilot flying's unintended deactivation of automatic airspeed control, the flight crew's inadequate monitoring of airspeed, and the flight crew's delayed execution of a go-around after  they  became  aware  that  the  airplane  was  below  acceptable  glidepath  and  airspeed tolerances.  Contributing  to  the  accident  were  (1)  the  complexities  of  the  autothrottle  and autopilot flight director systems that were inadequately described in Boeing's documentation and Asiana's pilot training, which increased the likelihood of mode error; (2) the flight crew's nonstandard communication and coordination regarding the use of the autothrottle and autopilot flight director systems; (3) the pilot flying's inadequate training on the planning and executing of visual approaches; (4) the pilot monitoring/instructor pilot's inadequate supervision of the pilot flying; and (5) flight crew fatigue, which likely degraded their performance.",,37.613334,-122.363891,BOEING,777-200ER,AIR,SFO,San Francisco International,FALSE,2,SCHD,,129,Destroyed,VMC,Asiana Airlines,Completed,FALSE,https://data.ntsb.gov/Docket?ProjectID=87395,12/11/2013 1:30:00 PM
CEN13FA274,ACC,86879,2013-06-22T12:47:00Z,Dayton,Ohio,United States,,N450JW,FALSE,DirectorBrief,2014-10-09T04:00:00Z,Fatal,2,0,0,"The pilot's controlled flight into terrain. Contributing to the accident was the pilot's modified airshow maneuver, which placed the airplane at low altitude and airspeed and out of position within the performance area.",,39.907222,-84.217224,BOEING-STEARMAN,IB75A,AIR,KDAY,Dayton International,FALSE,1,,ASHO,91,Destroyed,VMC,Jane Wicker Airshow,Completed,FALSE,https://data.ntsb.gov/Docket?ProjectID=86879,10/3/2014 5:09:00 PM
DCA13MA081,ACC,86758,2013-04-29T04:00:00Z,Bagram,,Afghanistan,AAR1501,N949CA,TRUE,Report,2015-08-26T04:00:00Z,Fatal,7,0,0,"National Airlines' inadequate procedures for restraining special cargo loads, which resulted in the loadmaster's improper restraint of the cargo, which moved aft and damaged hydraulic systems Nos. 1 and 2 and horizontal stabilizer drive mechanism components, rendering the airplane uncontrollable. Contributing to the accident was the Federal Aviation Administration's inadequate oversight of National Airlines' handling of special cargo loads.",,34.946388,69.264999,BOEING,747-400 BCF,AIR,OAIX,Bagram Air Base,FALSE,4,NSCH,,121,Destroyed,VMC,National Air Cargo,Completed,FALSE,https://data.ntsb.gov/Docket?ProjectID=86758,2/3/2015 5:09:00 PM
DCA12RA065,ACC,83486,2012-04-20T13:40:00Z,Islamabad,,Pakistan,,AP-BKC,FALSE,None,2020-11-03T05:00:00Z,Fatal,127,0,0,,,0,0,BOEING,737,AIR,ISB,Islamabad Benazir Bhutto Int'l,FALSE,2,SCHD,,NUSC,Destroyed,,Bhoja Air,N/A,FALSE,,
CEN11LA606,ACC,81642,2011-08-21T13:35:00Z,Mt. Clemens,Michigan,United States,,"N49739, N7505B",FALSE,DirectorBrief,2012-04-02T04:00:00Z,Fatal,1,0,0,The wing walker’s decision to release his grip of the airplane during an attempted aerial transfer from airplane to helicopter before both aircraft achieved the proper relative positioning for the transfer.,,42.608333,-82.835556,"BOEING, SCHWEIZER","A75N1(PT17), HUGHES 269C","AIR,HELI",MTC,Selfridge Air Natl Guard Base,"FALSE,FALSE","1,1",,"ASHO,ASHO","91,091","None,None",VMC,",Helibatics LLC",Completed,FALSE,https://data.ntsb.gov/Docket?ProjectID=81642,3/5/2012 7:21:00 PM
DCA11RA087,ACC,81262,2011-07-27T19:12:00Z,Jeju Island,,Republic Of Korea,,HL-7604,TRUE,None,,Fatal,2,0,0,,,0,0,BOEING,747,AIR,,,FALSE,4,SCHD,,NUSC,Destroyed,,ASIANA AIRLINES INC,N/A,FALSE,https://data.ntsb.gov/Docket?ProjectID=81262,2/9/2016 8:40:00 PM
DCA11RA080,ACC,81073,2011-07-08T13:11:00Z,Kisangani,,Congo,,9Q-COP,FALSE,None,2020-11-03T05:00:00Z,Fatal,77,0,0,,,0,0,BOEING,727,AIR,,,FALSE,3,SCHD,,NUSC,Substantial,,Hewa Bora Airlines,N/A,FALSE,,
CEN11FA444,ACC,80968,2011-07-03T15:50:00Z,Wetmore,Colorado,United States,,N4473N,FALSE,DirectorBrief,2012-09-13T04:00:00Z,Fatal,1,1,0,The pilot's failure to maintain clearance from terrain while maneuvering at low altitude.,,38.194999,-105.086387,BOEING,B75N1,AIR,,,FALSE,1,,PERS,91,Substantial,VMC,QUETZAL LIMITED PARTNERSHIP,Completed,FALSE,https://data.ntsb.gov/Docket?ProjectID=80968,7/12/2012 6:59:00 PM
DCA10RA092,ACC,77189,2010-09-03T16:45:00Z,Dubai,,United Arab Emirates,,N571UP,TRUE,None,2020-11-03T05:00:00Z,Fatal,2,0,0,,,25.252644,55.36413,BOEING,747-44AF,AIR,,,FALSE,4,NSCH,,121,Destroyed,,UNITED PARCEL SERVICE CO,N/A,FALSE,https://data.ntsb.gov/Docket?ProjectID=77189,8/15/2012 10:32:00 PM
DCA10RA085,ACC,76970,2010-08-16T02:50:00Z,San Andres Island,,Colombia,,HK-4682,FALSE,None,2020-11-03T05:00:00Z,Fatal,1,17,67,,,0,0,BOEING,737,AIR,SKSP,San Andreas Island,FALSE,2,SCHD,,NUSC,Substantial,,Aires,N/A,FALSE,,
DCA10RA063,ACC,76074,2010-05-22T01:40:00Z,Manglaore,,India,,VT-AXV,FALSE,None,2020-11-03T05:00:00Z,Fatal,158,7,0,,,0,0,BOEING,737,AIR,,,FALSE,2,SCHD,,NUSC,Destroyed,,Air India Charters,N/A,FALSE,,
DCA10RA023,ACC,75304,2010-01-25T02:41:00Z,Beirut,,Lebanon,,ET-ANB,FALSE,None,2020-11-03T05:00:00Z,Fatal,90,0,0,,,39.821109,35.488334,BOEING,737,AIR,OLBA,Rafic Hariri International,FALSE,2,SCHD,,NUSC,Destroyed,IMC,Ethiopian Airlines,N/A,FALSE,,
DCA10RA010,ACC,75062,2009-10-21T12:31:00Z,Sharjah,,United Arab Emirates,,ST-AKW,FALSE,None,2020-11-03T05:00:00Z,Fatal,6,0,0,,,0,0,BOEING,707,AIR,SHJ,Sharjah International Airport,FALSE,,NSCH,,NUSC,Destroyed,,Sudan Airways,N/A,FALSE,,
WPR09LA384,ACC,74446,2009-08-04T16:15:00Z,Happy Jack,Arizona,United States,,N5195N,FALSE,DirectorBrief,2010-07-22T04:00:00Z,Fatal,1,1,0,The pilot's failure to maintain airspeed while maneuvering which resulted in an inadvertent stall/spin. Contributing to the accident was the high density altitude.,,34.743057,-111.407775,BOEING,E75,AIR,,,FALSE,1,,PERS,91,Substantial,VMC,Robert Remiro,Completed,FALSE,https://data.ntsb.gov/Docket?ProjectID=74446,5/10/2010 7:19:00 PM
DCA09RA030,ACC,73389,2009-02-25T12:40:00Z,Amsterdam,,Netherlands,,TC-JGE,FALSE,None,2020-11-03T05:00:00Z,Fatal,9,27,53,,,0,0,BOEING,B737-800,AIR,,,FALSE,2,SCHD,,NUSC,Destroyed,,TURKISH AIRLINES INC,N/A,FALSE,https://data.ntsb.gov/Docket?ProjectID=73389,5/6/2010 12:00:00 PM
DCA08RA097,ACC,68927,2008-09-14T04:00:00Z,Perm,,Russia,,VP-BKO,FALSE,None,,Fatal,88,0,0,,,0,0,Boeing,737-500,AIR,,,FALSE,,SCHD,,NUSC,Destroyed,,Aeroflot-Nord,N/A,FALSE,,
DCA08WA096,ACC,68842,2008-08-30T19:45:00Z,Latacunga,,Ecuador,,YV102T,FALSE,None,2020-11-03T05:00:00Z,Fatal,3,0,0,.,,0,0,BOEING,B737-200,AIR,SELT,Latacunga,FALSE,2,,FERY,NUSN,Destroyed,IMC,Conviasa,N/A,FALSE,,
DCA08WA092,ACC,68774,2008-08-24T14:40:00Z,Bishkek,,Kyrgyzstan,,Ex-009,FALSE,None,2020-11-03T05:00:00Z,Fatal,65,0,25,;kh,,43.073612,74.363052,BOEING,737,AIR,FRU,Manas Airport,FALSE,,SCHD,,NUSC,Destroyed,,Itek Air,N/A,FALSE,,
DCA08RA090,ACC,68740,2008-08-20T04:00:00Z,Madrid,,Spain,,EC-HFP,TRUE,None,,Fatal,154,18,0,,,0,0,Boeing,MD-82,AIR,,,FALSE,,SCHD,,NUSC,Destroyed,,Spanair,N/A,FALSE,,
DCA08RA078,ACC,68371,2008-07-07T04:00:00Z,Madrid,,Colombia,,N714CK,FALSE,None,2020-11-03T05:00:00Z,Fatal,2,6,3,,,4.719722,-74.251945,BOEING,747-200FM,AIR,,,FALSE,,NSCH,,121,Destroyed,VMC,KALITTA FLYING SERVICE INC,N/A,FALSE,,
DFW07LA155,ACC,66176,2007-07-10T16:30:00Z,Tunica,Mississippi,United States,,N332DL,FALSE,DirectorBrief,2008-06-30T04:00:00Z,Fatal,1,0,0,Gorund service personal's removal of the portable stairway prior to the main cabin door being secured.  Factors were the high winds and heavy rain.,,34.676387,-90.341667,Boeing,737-232,AIR,UTA,Tunica Municipal Airport,FALSE,2,NSCH,,121,None,VMC,"Sky King, Inc.",Completed,FALSE,,
DCA07WA054,ACC,66103,2007-06-28T12:30:00Z,M'banza Congo,,Angola,,D2-TBP,FALSE,None,,Fatal,6,0,0,,,-6.266666,14.25,Boeing,737-200,AIR,,,FALSE,,SCHD,,NUSC,Destroyed,,TAAG Anoglan Airline,N/A,FALSE,,
NYC07LA124,ACC,65841,2007-05-23T18:50:00Z,Charleston,South Carolina,United States,,N55718,FALSE,DirectorBrief,2009-06-11T04:00:00Z,Fatal,2,0,0,An in-flight collision with water for undetermined reasons.,,32.939327,-80.040618,Boeing Stearman,A75N1,AIR,JZI,Charleston Executive,FALSE,1,,PERS,91,Substantial,VMC,CCR Air Parts & Services,Completed,FALSE,,
DCA06RA076,ACC,64621,2006-09-29T15:00:00Z,Azevedo,,Brazil,,"PR-GTD, N600XL",TRUE,None,,Fatal,154,0,0,,,0,0,"Boeing, Embraer","737-800, E135 Legacy","AIR,AIR",,Cachimbo airbase,"FALSE,FALSE","2,2",SCHD,",FERY","NUSC,091","Destroyed,Minor",IMC,",",N/A,FALSE,https://data.ntsb.gov/Docket?ProjectID=64621,12/12/2008 7:33:00 PM
DFW06FA056,ACC,63103,2006-01-16T10:05:00Z,El Paso,Texas,United States,,N32626,FALSE,DirectorBrief,2008-01-31T05:00:00Z,Fatal,1,0,0,"the mechanic's failure to maintain proper clearance with the engine intake during a jet engine run, and the failure of contract maintenance personnel to follow written procedures and directives contained in the airline's general maintenance manual.  Factors contributing to the accident were the insufficient training provided to the contract mechanics by the airline, and the failure of the airport to disseminate a policy prohibiting ground engine runs above idle power in the terminal area.",,0,0,Boeing,737-524,AIR,KELP,El Paso International Airport,FALSE,2,SCHD,,121,Minor,VMC,Continental Airlines,Completed,FALSE,https://data.ntsb.gov/Docket?ProjectID=63103,1/4/2008 10:10:00 PM
DFW06LA041,ACC,62988,2005-12-26T18:28:00Z,Fort Worth,Texas,United States,,N67195,FALSE,DirectorBrief,2006-08-29T04:00:00Z,Fatal,1,1,0,"The pilot's failure to maintain airspeed, which resulted in an inadvertent stall/spin.  Contributing factors were the reported loss of engine power for undetermined reasons and the low altitude maneuver.",,32.924999,-97.40583,Boeing,A75N1 (PT17),AIR,T67,HICKS AIRFIELD,FALSE,1,,PERS,91,Substantial,VMC,,Completed,FALSE,https://data.ntsb.gov/Docket?ProjectID=62988,5/8/2006 8:02:00 PM
DCA06MA009,ACC,62926,2005-12-08T20:15:00Z,Chicago,Illinois,United States,AAR0706,N471WN,TRUE,Report,2007-11-29T05:00:00Z,Fatal,1,1,21,"The pilots' failure to use available reverse thrust in a timely manner to safely slow or stop the airplane after landing, which resulted in a runway overrun.  This failure occurred because the pilots' first experience and lack of familiarity with the airplane's autobrake system distracted them from thrust reverser usage during the challenging landing.Contributing to the accident were Southwest Airline's 1) failure to provide its pilots with clear and consistent guidance and training regarding company policies and procedures related to arrival landing distance calculations; 2) programming and design of its onboard performance computer, which did not present inherent assumptions in the program critical to pilot decision making; 3) plan to implement new autobrake procedures without a familiarization period; and 4) failure to include a margin of safety in the arrival assessment to account for operational uncertainties.  Also contributing to the accident was the pilots' failure to divert to another airport given reports that included poor braking action and a tailwind component greater than 5 knots.  Contributing to the severity of the accident was the absence of an engineering materials arresting system, which was needed because of the limited runway safety area beyond the departure end of runway 31C.",,41.780338,-87.770271,Boeing,737-700,AIR,MDW,Midway Airport,FALSE,2,SCHD,,121,Substantial,IMC,,Completed,FALSE,https://data.ntsb.gov/Docket?ProjectID=62926,6/20/2006 1:00:00 PM
CHI04LA243,ACC,60035,2004-08-28T09:45:00Z,Wisconsin Rapid,Wisconsin,United States,,N86600,FALSE,DirectorBrief,2005-07-07T04:00:00Z,Fatal,1,0,1,The pilot's improper in-flight decision when he decided to fly at a low altitude over the river and failed to maintain clearance from the power lines.  A factor was the wires.,,44.663612,-89.84111,Boeing,A75,AIR,,,FALSE,1,,PERS,91,Substantial,VMC,,Completed,FALSE,,
LAX04FA223,ACC,59336,2004-05-31T09:05:00Z,Mesa,Arizona,United States,,N48579,FALSE,DirectorBrief,2005-10-27T04:00:00Z,Fatal,2,0,0,the pilot's failure to maintain an adequate airspeed while performing aerobatics that resulted in an inadvertent stall and spin.,,33.567222,-111.651947,Boeing,B75N1,AIR,,,FALSE,1,,PERS,91,Destroyed,VMC,,Completed,FALSE,,
ATL03FA127,ACC,57743,2003-08-17T14:48:00Z,Tuckasegee,North Carolina,United States,,N38998,FALSE,DirectorBrief,2007-04-25T04:00:00Z,Fatal,2,0,0,The pilot's failure to maintain visual lookout which resulted in an in-flight collision with trees. A factor was drug impairment.,,35.23611,-83.016387,Boeing,PT-17 Stearman,AIR,,,FALSE,1,,PERS,91,Destroyed,VMC,,Completed,FALSE,,
DCA02WA048,ACC,55133,2002-07-04T10:15:00Z,Bangui,,Central African Republic,,9XR-IS,FALSE,None,,Fatal,23,2,0,,,0,0,Boeing,707,AIR,,,FALSE,,NSCH,,UNK,Destroyed,VMC,New Gomair,N/A,FALSE,,
DCA02WA019,ACC,54094,2002-01-28T05:00:00Z,Ipiales,,Colombia,,HC-BLF,FALSE,None,,Fatal,92,0,0,,,0,0,Boeing,727-134,AIR,,,FALSE,3,SCHD,,NUSC,Destroyed,,TAME AIRLINES,N/A,FALSE,,
DCA01MA060,ACC,53468,2001-09-11T08:45:00Z,New York City,New York,United States,,N334AA,FALSE,DirectorBrief,2006-03-07T05:00:00Z,Fatal,92,0,0,"The Safety Board did not determine the probable cause and does not plan to issue a report or open a public docket.  The terrorist attacks of September 11, 2001 are under the jurisdiction of the Federal Bureau of Investigation.  The Safety Board provided requested technical assistance to the FBI, and any material generated by the NTSB is under the control of the FBI.",,0,0,Boeing,767-200ER,AIR,,,FALSE,2,SCHD,,121,Destroyed,,American Airlines,Completed,FALSE,,
DCA01MA063,ACC,53528,2001-09-11T04:00:00Z,New York City,New York,United States,,N612UA,FALSE,DirectorBrief,2006-03-07T05:00:00Z,Fatal,65,0,0,"The Safety Board did not determine the probable cause and does not plan to issue a report or open a public docket.  The terrorist attacks of September 11, 2001 are under the jurisdiction of the Federal Bureau of Investigation.  The Safety Board provided requested technical assistance to the FBI, and any material generated by the NTSB is under the control of the FBI.",,0,0,Boeing,767-200ER,AIR,,,FALSE,2,SCHD,,121,Destroyed,,United Airlines,Completed,FALSE,,
DCA01MA064,ACC,53529,2001-09-11T04:00:00Z,Arlington,Virginia,United States,,N644AA,FALSE,DirectorBrief,2006-03-07T05:00:00Z,Fatal,64,0,0,"The Safety Board did not determine the probable cause and does not plan to issue a report or open a public docket.  The terrorist attacks of September 11, 2001 are under the jurisdiction of the Federal Bureau of Investigation.  The Safety Board provided requested technical assistance to the FBI, and any material generated by the NTSB is under the control of the FBI.",,38.889842,-77.099327,Boeing,757-200,AIR,,,FALSE,,SCHD,,121,Destroyed,,American Airlines,Completed,FALSE,,
DCA01MA065,ACC,53530,2001-09-11T04:00:00Z,Shanksville,Pennsylvania,United States,,N591UA,FALSE,DirectorBrief,2006-03-07T05:00:00Z,Fatal,44,0,0,"The Safety Board did not determine the probable cause and does not plan to issue a report or open a public docket.  The terrorist attacks of September 11, 2001 are under the jurisdiction of the Federal Bureau of Investigation.  The Safety Board provided requested technical assistance to the FBI, and any material generated by the NTSB is under the control of the FBI.",,40.019229,-78.909393,Boeing,757,AIR,,,FALSE,,SCHD,,121,Destroyed,,United Airlines,Completed,FALSE,https://data.ntsb.gov/Docket?ProjectID=53530,2/23/2006 2:34:00 PM
DEN01FA157,ACC,53409,2001-09-05T17:14:00Z,Denver,Colorado,United States,,G-VIIK,FALSE,DirectorBrief,2005-02-24T05:00:00Z,Fatal,1,0,0,"the overstress fracture of the airplane's refueling adapter ring that resulted from the abnormal angular force applied to it.  The applied angular force occurred due to the ground refueler inadequately positioning the hydrant fuel truck (in relation to the airplane), and his inattentiveness while lowering the refueling lift platform, thus permitting the refueling hose to become snagged and pulled at an angle.  The fracture of the adapter ring during the refueling led to the ignition of the pressurized (mist producing) spilled fuel and subsequent fire.",,39.859722,-104.671669,Boeing,777-236,AIR,DEN,Denver International Airport,FALSE,2,SCHD,,129,Substantial,VMC,,Completed,FALSE,,
ATL01FA093,ACC,52856,2001-07-24T10:30:00Z,Anniston,Alabama,United States,,N56920,FALSE,DirectorBrief,2002-07-25T04:00:00Z,Fatal,2,0,0,The inadvertent activation of the flight control gust locks by the pilot rated passenger that resulted in the loss of control inflight. Contributing was the pilot in commands failure to follow the airplane's pre-flight inspection check list.,,33.716667,-85.879165,Boeing,Stearman PT-17,AIR,ANB,Annistion Metro,FALSE,1,,PERS,91,Destroyed,VMC,,Completed,FALSE,,
DCA00WA076,ACC,49861,2000-07-17T01:04:00Z,PATNA,,India,,VT-EGD,FALSE,None,,Fatal,60,10,1,,,0,0,Boeing,737-200,AIR,,Patna India,FALSE,2,SCHD,,NUSC,Destroyed,IMC,Airlines Allied Sevices Ltd,N/A,FALSE,,
DCA00WA040,ACC,48994,2000-04-19T07:05:00Z,SAMAL ISLAND,,Philippines,,RPC30,FALSE,None,,Fatal,131,0,0,,,0,0,Boeing,737-200,AIR,,,FALSE,,SCHD,UNK,129,Destroyed,IMC,AIR PHILIPPINES,N/A,FALSE,,
DCA00MA006,ACC,47655,1999-10-31T01:52:00Z,ATLANTIC OCEAN,,,AAB0201,SUGAP,FALSE,Report,2002-03-25T05:00:00Z,Fatal,217,0,0,The National Transportation Safety Board determines that the probable cause of the EgyptAir flight 990 accident is the airplane's departure from normal cruise flight and subsequent impact with the Atlantic Ocean as a result of the relief first officer's flight control inputs.  The reason for the relief first officer's actions was not determined.,,0,0,Boeing,767-366-ER,AIR,,,FALSE,2,SCHD,UNK,129,Destroyed,VMC,,Completed,FALSE,https://data.ntsb.gov/Docket?ProjectID=47655,8/15/2000 5:16:00 PM
DCA99WA068,ACC,47255,1999-07-07T19:51:00Z,KATHMANDU,,Nepal,,VT-LCI,FALSE,None,,Fatal,5,0,0,,,0,0,Boeing,727-243F,AIR,,,FALSE,3,NSCH,,NUSC,Destroyed,,LUFTHANSA CARGO AIRLINES/HINDUJA,N/A,FALSE,,
DEN99FA109,ACC,46678,1999-06-29T11:45:00Z,CARPENTER,Wyoming,United States,,N801RB,FALSE,DirectorBrief,2001-01-18T05:00:00Z,Fatal,1,0,0,Pilot incapacitation for unknown reasons.,,41.029621,-104.339889,Boeing Stearman,A75,AIR,,,FALSE,1,,POSI,91,Destroyed,VMC,,Completed,FALSE,,
DCA99RA053,ACC,46171,1999-04-07T21:44:00Z,CEYHAN ADANA,,Turkey,,TC-JEP,FALSE,None,,Fatal,6,0,0,,,0,0,Boeing,737-400,AIR,,,FALSE,2,NSCH,,NUSC,Destroyed,IMC,,N/A,FALSE,,
DCA98WA041,ACC,11060,1998-05-05T21:30:00Z,ANDOAS,,Peru,,UNK,FALSE,None,,Fatal,87,0,0,,,0,0,Boeing,737-200,AIR,,,FALSE,,UNK,UNK,NUSN,Destroyed,IMC,AIR FORCE OF PERU,N/A,FALSE,,
MIA98FA135,ACC,38395,1998-04-19T11:24:00Z,KISSIMMEE,Florida,United States,,"N806RB, N802RB",FALSE,DirectorBrief,2001-02-15T05:00:00Z,Fatal,2,0,0,The failure of the number 2 pilot to maintain visual contact and/or proper position/clearance from other aircraft,,28.300371,-81.410316,"Boeing, Boeing","A-75N1, A-75N1","AIR,AIR",ISM,KISSIMMEE MUNICIPAL,"FALSE,FALSE","1,1",,"UNK,UNK","91,091","Destroyed,Destroyed",VMC,"RANDALL L. DRAKE,JAMES E. LOVELACE",Completed,FALSE,,
DCA98WA028,ACC,43131,1998-03-10T09:45:00Z,MOMBOSA,,Kenya,,U-PBA,FALSE,None,,Fatal,6,0,0,,,0,0,Boeing,707-336,AIR,,,FALSE,,NSCH,UNK,129,Destroyed,Unknown,AIR MEMPHIS,N/A,FALSE,,
LAX98FA086,ACC,29936,1998-02-11T16:25:00Z,MORGAN HILL,California,United States,,"N8343D, ARNG",FALSE,DirectorBrief,2000-04-20T04:00:00Z,Fatal,1,0,0,"The pilot's failure to maintain visual separation from the flight of military helicopters approaching from his left. The pilot's failure to request VFR traffic advisories, to maintain an adequate visual lookout, an erratic transponder, and glare from the sun were factors.",,37.170997,-121.649307,"Beech, Boeing","J35, CH-47D","AIR,HELI",,,"FALSE,FALSE","1,2",,"PERS,","091,ARMF","Destroyed,Substantial",VMC,",",Completed,FALSE,,
DCA98MA015,ACC,11045,1997-12-28T05:00:00Z,PACIFIC OCEAN,,,,N4723U,FALSE,DirectorBrief,2001-05-14T04:00:00Z,Fatal,1,18,171,"The pilot-in-command's inadvertent flight into adverse weather conditions, and the difficulty of obtaining adequate weather forecasts of over-ocean turbulence.  Factors contributing to the accident include the presence of clear air turbulence, and the failure of the flight attendant to issue a safety advisory.",,0,0,Boeing,747-122,AIR,,,FALSE,,SCHD,UNK,121,Minor,VMC,,Completed,FALSE,https://data.ntsb.gov/Docket?ProjectID=11045,8/19/1999 1:17:00 PM
DCA97MA058,ACC,11027,1997-08-06T01:42:00Z,NIMITZ HILL,,United States,AAR0001,H7468,TRUE,Report,2006-10-05T04:00:00Z,Fatal,228,26,0,the captain's failure to adequately brief and execute the nonprecision approach and the first officer's and flight engineer's failure to effectively monitor and cross-check the captain's execution of the approach.  Contributing to these failures were the captain's fatigue and Korean Air’s inadequate flight crew training.  Contributing to the accident was the Federal Aviation Administration's (FAA) intentional inhibition of the minimum safe altitude warning system (MSAW) at Guam and the agency's failure to adequately manage the system.,,0,0,Boeing,747-300,AIR,KGUM,AGANA INTERNATIONAL AIRPO,FALSE,4,SCHD,UNK,129,Destroyed,IMC,,Completed,FALSE,https://data.ntsb.gov/Docket?ProjectID=11027,3/23/1998 4:43:00 PM
MIA97WA226,ACC,38374,1997-08-02T23:20:00Z,LIMA,,Peru,,N12114,FALSE,None,,Fatal,1,0,0,,,0,0,Boeing,757-200,AIR,,,FALSE,,SCHD,UNK,121,None,Unknown,CONTINENTAL AIRLINES,N/A,FALSE,,
ATL97FA095,ACC,3780,1997-07-02T09:35:00Z,LOCUST GROVE,Georgia,United States,,N450GC,FALSE,DirectorBrief,1998-04-24T04:00:00Z,Fatal,1,0,0,The inadvertent stall encountered by the pilot after experiencing an in-flight cylinder head separation.,,33.340263,-84.0998,Boeing Stearman,B75N1,AIR,GA04,MALLARDS LANDING,FALSE,1,,PERS,91,Destroyed,VMC,,Completed,FALSE,,
DCA97WA045,ACC,51100,1997-05-08T04:00:00Z,SHENZHEN,,China,,,FALSE,None,,Fatal,35,0,0,,,0,0,Boeing,737-300,AIR,,,FALSE,,SCHD,UNK,129,Destroyed,Unknown,CHINA SOUTHERN AIRLINES,N/A,FALSE,,
MIA97FA142,ACC,38138,1997-04-20T12:00:00Z,APEX,North Carolina,United States,,N61S,FALSE,DirectorBrief,1998-04-10T04:00:00Z,Fatal,2,0,0,The pilot-in-command's ostentatious display by performing an aerobatic maneuver with inadequate altitude.,,35.719928,-78.840095,Boeing Stearman,N2S-4,AIR,,,FALSE,1,,PERS,91,Substantial,VMC,,Completed,FALSE,,
DCA97WA011,ACC,43111,1996-11-23T05:00:00Z,COMORSO ISLANDS,,Ethiopia,,ETAIZ,FALSE,None,,Fatal,125,44,2,,,0,0,Boeing,767,AIR,,,FALSE,,SCHD,UNK,129,Destroyed,VMC,ETHIOPIAN AIRLINES,N/A,FALSE,,
DCA97WA007,ACC,53298,1996-11-12T05:00:00Z,New Delhi,,India,,"HZ-AIH, UN76435",FALSE,None,,Fatal,349,0,0,,,0,0,"Boeing, Tupolev","747-168, TU-154","AIR,AIR",,,"FALSE,FALSE",",",SCHD,",","129,129",",",,"SAUDI ARABIAN AIRLINES,Kazakh Airways",N/A,FALSE,,
DCA96MA070,ACC,11011,1996-07-17T20:31:00Z,EAST MORICHES,New York,United States,AAR0003,N93119,TRUE,Report,2000-08-23T04:00:00Z,Fatal,230,0,0,"An explosion of the center wing fuel tank (CWT), resulting from ignition of the flammable fuel/air mixture in the tank.  The source of ignition energy for the explosion could not be determined with certainty, but, of the sources evaluated by the investigation, the most likely was a short circuit outside of the CWT that allowed excessive voltage to enter it through electrical wiring associated with the fuel quantity indication system.      Contributing factors to the accident were the design and certification concept that fuel tank explosions could be prevented solely by precluding all ignition sources and the design and certification of the Boeing 747 with heat sources located beneath the CWT with no means to reduce the heat transferred into the CWT or to render the fuel vapor in the tank nonflammable.",,40.849903,-72.789421,Boeing,747-131,AIR,,,FALSE,4,SCHD,UNK,121,Destroyed,VMC,,Completed,FALSE,https://data.ntsb.gov/Docket?ProjectID=11011,4/14/2014 8:20:00 PM
NYC95FA224,ACC,38866,1995-09-24T15:00:00Z,MARLBOROUGH,Massachusetts,United States,,"N89X, N1766Q",FALSE,DirectorBrief,1996-05-29T04:00:00Z,Fatal,1,1,0,"the Stearman, N89X, pilot's inadequate visual lookout.  A factor was the failure of the flight instructor of the Cessna 150, N1766Q, to announce his position in the traffic pattern in accordance with recommended procedures.",,0,0,"BOEING, CESSNA","A75N1, 150L","AIR,AIR",9B1,MARLBOROUGH,"FALSE,FALSE","1,1",,"PERS,INST","91,091","Minor,Destroyed",VMC,",",Completed,FALSE,,
DCA95RA009,ACC,10998,1994-12-21T05:00:00Z,COVENTRY,,Algeria,,7TVEE,FALSE,None,,Fatal,5,0,0,,,0,0,BOEING,B737-2D6C,AIR,,,FALSE,,NSCH,UNK,NUSN,Destroyed,IMC,AIR ALGERIE,N/A,FALSE,,
NYC95LA021,ACC,38895,1994-11-05T15:00:00Z,SAYVILLE,New York,United States,,N48190,FALSE,DirectorBrief,1995-06-29T04:00:00Z,Fatal,2,0,0,"A loss of control in flight by the pilot(s) while maneuvering, with insufficient altitude for recovery.",,40.859375,-73.039672,BOEING,A-75N1,AIR,,,FALSE,1,,PERS,91,Destroyed,VMC,,Completed,FALSE,,
DCA94MA076,ACC,10987,1994-09-08T19:03:00Z,ALIQUIPPA,Pennsylvania,United States,AAR9901,N513AU,TRUE,Report,1999-11-15T05:00:00Z,Fatal,132,0,0,A loss of control of the airplane resulting from the movement of the rudder surface to its blowdown limit.  The rudder surface most likely deflected in a direction opposite to that commanded by the pilots as a result of a jam of the main rudder power control unit servo valve secondary slide to the servo valve housing offset from its neutral position and overtravel of the primary slide.,,40.610416,-80.250602,BOEING,B-737-300,AIR,,,FALSE,2,SCHD,UNK,121,Destroyed,VMC,USAIR,Completed,FALSE,https://data.ntsb.gov/Docket?ProjectID=10987,7/31/1995 8:06:00 PM
FTW94FA156,ACC,18898,1994-05-14T10:30:00Z,PEYTON,Colorado,United States,,N631E,FALSE,DirectorBrief,1994-12-07T05:00:00Z,Fatal,2,0,0,THE PILOT'S PERFORMANCE OF AEROBATIC MANEUVERS AT AN ALTITUDE INADEQUATE FOR RECOVERY.,,39.029438,-104.479316,BOEING,E75N1,AIR,,,FALSE,1,,PERS,91,Destroyed,VMC,,Completed,FALSE,,
NYC93FA127,ACC,38581,1993-06-26T14:50:00Z,CONCORD,New Hampshire,United States,,N58212,FALSE,DirectorBrief,1994-11-01T05:00:00Z,Fatal,2,0,0,LOSS OF AIRPLANE CONTROL AS THE RESULT OF INCAPACITATION.,,0,0,Boeing Stearman,PT-17,AIR,CON,CONCORD MUNI,FALSE,1,,UNK,91,Destroyed,VMC,,Completed,FALSE,,
NYC93LA040,ACC,37276,1992-12-08T10:02:00Z,FLUSHING,New York,United States,,N516AU,FALSE,DirectorBrief,1993-09-14T04:00:00Z,Fatal,1,0,0,"A LACK OF ADEQUATE CLEARANCE BETWEEN THE WALKER AND TUG WHICH RESULTED IN THE WALKER BEING STRUCK BY THE TUG WHEN HE FELL FOR UNKNOWN REASON(S).  A FACTOR RELATED TO THE ACCIDENT WAS THE LACK OF A POLICY TO STAY CLEAR OF THE TUG, TOWBAR, AND NOSEWHEEL OF THE AIRPLANE, WHILE PUSHBACK OPERATIONS ARE IN MOTION.",,40.769039,-73.869537,BOEING,737-300LR,AIR,KLGA,LA GUARDIA,FALSE,2,SCHD,UNK,121,None,VMC,USAIR,Completed,FALSE,,
CHI92LA250,ACC,15526,1992-08-23T12:33:00Z,CHICAGO,Illinois,United States,,HL746,FALSE,DirectorBrief,1993-06-30T04:00:00Z,Fatal,1,1,0,"AN UNSAFE/HAZARDOUS CONDITION THAT WAS NOT IDENTIFIED BY THE VEHICLE DRIVER, AND AN INADEQUATE DISTANCE BETWEEN THE AIRPLANE AND VEHICLE AS THE DRIVER DROVE THE VEHICLE BEHIND THE AIRPLANE.",,0,0,BOEING,747-300,AIR,ORD,CHICAGO O'HARE INTL,FALSE,4,SCHD,UNK,129,None,VMC,KOREAN AIRLINES,Completed,FALSE,,
FTW92FA197,ACC,18367,1992-07-31T10:49:00Z,CIBOLO,Texas,United States,,N62552,FALSE,DirectorBrief,1993-06-30T04:00:00Z,Fatal,1,0,0,FAILURE OF THE ENGINE CRANKSHAFT DUE FATIGUE AND THE RESULTANT COLLAPSING OF THE LEFT WING.,,29.5701,-98.229553,BOEING,A75,AIR,,,FALSE,1,,PERS,91,Destroyed,VMC,"PERDUE, HAROLD F.",Completed,FALSE,,
DEN92IA050,INC,18170,1992-05-04T15:45:00Z,DENVER,Colorado,United States,,N530UA,FALSE,DirectorBrief,1993-12-16T05:00:00Z,Fatal,1,0,0,THE CAPTAIN SUFFERED A FATAL HEART ATTACK.,,39.75922,-104.91912,BOEING,757-222,AIR,,,FALSE,2,SCHD,UNK,121,None,VMC,UNITED AIRLINES,Completed,FALSE,,
FTW92LA113,ACC,18476,1992-04-11T08:30:00Z,LAWTON,Oklahoma,United States,,N52653,FALSE,DirectorBrief,1993-07-23T04:00:00Z,Fatal,1,1,0,THE PILOTS'DECISION TO FLY INTO MARGINAL VFR WEATHER. A FACTOR WAS THE GUY WIRE AND FOG.,,34.800319,-98.630119,BOEING,A75N1,AIR,,,FALSE,1,,PERS,91,Substantial,VMC,"CARRION, WILLIAM J.",Completed,FALSE,,
NYC91FA230,ACC,36809,1991-09-07T11:20:00Z,TRANQUILITY,New Jersey,United States,,N3721C,FALSE,DirectorBrief,1993-03-02T05:00:00Z,Fatal,1,0,0,"LOSS OF ENGINE POWER FOR AN UNDETERMINED REASON, AND FAILURE OF THE PILOT TO MAINTAIN ADEQUATE AIRSPEED, WHILE MANEUVERING TO LAND, WHICH RESULTED IN A STALL.  THE LACK OF ALTITUDE FOR A RECOVERY FROM THE STALL WAS A RELATED FACTOR.",,0,0,BOEING,PT-17,AIR,13N,TRINCA,FALSE,1,,PERS,91,Destroyed,VMC,JOHN E. SNYDER,Completed,FALSE,,
DCA91MA023,ACC,15948,1991-03-03T10:44:00Z,COLORADO SPGS,Colorado,United States,AAR0101,N999UA,TRUE,Report,1993-08-05T04:00:00Z,Fatal,25,0,0,A loss of control of the airplane resulting from the movement of the rudder surface to its blowdown limit. The rudder surface most likely deflected in a direction opposite to that commanded by the pilots as a result of a jam of the main rudder power control unit servo valve secondary slide to the servo valve housing offset from its neutral position and overtravel of the primary slide.,,0,0,BOEING,737-291,AIR,,,FALSE,2,SCHD,UNK,121,Destroyed,VMC,UNITED AIRLINES,Completed,FALSE,,
LAX91FA094,ACC,26976,1991-02-09T16:30:00Z,SONOMA,California,United States,,N1065M,FALSE,DirectorBrief,1993-07-23T04:00:00Z,Fatal,2,0,0,"THE PILOT-IN-COMMAND/CFI'S PERFORMANCE OF A LOW ALTITUDE AEROBATIC MANEUVER FROM WHICH HE FAILED TO RECOVER. FACTORS WHICH CONTRIBUTED TO THE ACCIDENT RELATED TO THE PIC'S IMPROPER INFLIGHT DECISION, POOR JUDGMENT, AND HIS PSYCHOLOGICAL CONDITION.",,38.240013,-122.459915,BOEING,N2S-3,AIR,,,FALSE,1,,PERS,91,Destroyed,VMC,G.H. FRIESEN & C. PREVOST,Completed,FALSE,,
DCA91MA018,ACC,15944,1991-02-01T19:07:00Z,LOS ANGELES,California,United States,AAR9108,"N388US, N683AV",TRUE,Report,1993-08-05T04:00:00Z,Fatal,34,13,17,"THE FAILURE OF THE LOS ANGELES AIR TRAFFIC FACILITY MANAGEMENT TO IMPLEMENT PROCEDURES THAT PROVIDED REDUNDANCY COMPARABLE TO THE REQUIREMENTS CONTAINED IN THE NATIONAL OPERATIONAL POSITION STANDARDS AND THE FAILURE OF THE FAA AIR TRAFFIC SERVICE TO PROVIDE ADEQUATE POLICY DIRECTION AND OVERSIGHT TO ITS AIR TRAFFIC CONTROL FACILITY MANAGERS. THESE FAILURES CREATED AN ENVIRONMENT IN THE LOS ANGELES AIR TRAFFIC CONTROL TOWER THAT ULTIMATELY LED TO THE FAILURE OF THE LOCAL CONTROLLER 2 (LC2) TO MAINTAIN AN AWARENESS OF THE TRAFFIC SITUATION, CULMINATING IN THE INAPPROPRIATE CLEARANCES AND THE SUBSEQUENT COLLISION OF THE USAIR AND SKYWEST AIRCRAFT. CONTRIBUTING TO THE CAUSE OF THE ACCIDENT WAS THE FAILURE OF THE FAA TO PROVIDE EFFECTIVE QUALITY ASSURANCE OF THE ATC SYSTEM. (NTSB REPORT AAR-91/08)",,0,0,"BOEING, FAIRCHILD","737-300, SA-227-AC","AIR,AIR",LAX,LOS ANGELES INTERNATIONAL,"FALSE,FALSE","2,2",SCHD,"UNK,UNK","121,135","Destroyed,Destroyed",VMC,"USAIR,SKYWEST AIRLINES, INC.",Completed,FALSE,,
DCA91MA010,ACC,15942,1990-12-03T14:45:00Z,ROMULUS,Michigan,United States,AAR9105,"N3313L, N278US",TRUE,Report,1993-05-03T04:00:00Z,Fatal,8,10,26,"LACK OF PROPER CREW COORDN, INCLUDING VIRTUAL REVERSAL OF ROLES BY THE DC-9 PLTS, WHICH LED TO THEIR FAILURE TO STOP TAXIING & ALERT GND CTLR OF THEIR POSITIONAL UNCERTAINTY IN A TIMELY MANNER BFR & AFTER INTRUDING ONTO THE ACTIVE RWY. CONTRIBUING TO CAUSE OF ACDNT WERE (1) DEFICIENCIES IN ATC SVCS PROVIDED BY DETROIT TWR, INCLUDING FAILURE OF GND CTLR TO TAKE TIMELY ACTN TO ALERT LCL CTLR TO PSBL RWY INCURSION, INADQT VIS OBS, FAILURE TO USE PROGRESSIVE TAXI INSTRNS IN LOW-VIS CONDS, & ISSUANCE OF INAPPROPRIATE & CONFUSING TAXI INSTRNS COMPOUNDED BY INADQ BACKUP SUPERVISION FOR LEVEL OF EXPERIENCE OF STAFF ON DUTY; (2) DEFICIENCIES IN SURFACE MARKINGS, SIGNAGE & LGTG AT ARPT & FAILURE OF FAA SURVEILLANCE TO DETECT OR CORRECT ANY OF THESE DEFICIENCIES; (3) FAILURE OF NORTHWEST AIRLINES TO PROVIDE ADQT COCKPIT RESOURCE MAN- AGEMENT TRNG TO LINE AIRCREWS. CONTRIBUTING TO FATALITIES WAS INOPERABILITY OF DC-9 INTERNAL TAILCONE RLS MECHANISM. CONTRIBUTING TO NUMBER & SEVERITY OF INJURIES WAS FAILURE OF CREW OF DC-9 TO PROPERLY EXECUTE THE PSGR EVACUATION.",,42.219177,-83.349891,"MCDONNELL DOUGLAS, BOEING","DC-9-14, 727-251","AIR,AIR",DTW,DETROIT METRO/WAYNE CNTY,"FALSE,FALSE","2,3",SCHD,"UNK,UNK","121,121","Destroyed,Substantial",IMC,",",Completed,FALSE,,
DCA90MA055,ACC,15937,1990-09-20T07:07:00Z,MARANA,Arizona,United States,,N320MJ,TRUE,DirectorBrief,1992-01-15T05:00:00Z,Fatal,1,2,0,"IMPROPER PREFLIGHT PLANNING/PREPARATION BY THE PILOT, AND HIS FAILURE TO USE A CHECKLIST. FACTORS RELATED TO THE ACCIDENT WERE: THE FAA'S INADEQUATE SURVEILLANCE OF THE OPERATION, THE FAA'S INSUFFICIENT STANDARDS/REQUIREMENTS, THE PILOT'S OPERATION OF THE AIRCRAFT WITH KNOWN DEFICIENCES, AND HIS LACK OF RECENT EXPERIENCE IN THE TYPE OF AIRCRAFT.",,32.450828,-111.290298,BOEING,707-321B,AIR,,PINAL AIRPARK,FALSE,4,,FERY,91,Destroyed,VMC,,Completed,FALSE,,
CHI90FA212,ACC,14544,1990-08-02T16:42:00Z,OSHKOSH,Wisconsin,United States,,N25400,FALSE,DirectorBrief,1992-11-09T05:00:00Z,Fatal,1,0,0,THE PILOT-IN-COMMAND'S FAILURE TO MAINTAIN AIRSPEED SUFFICIENT TO AVOID A STALL/SPIN AT AN ALTITUDE INSUFFICIENT TO EFFECT A FULL RECOVERY.,,0,0,BOEING,A75N1,AIR,OSH,WITTMAN FIELD,FALSE,1,,UNK,91,Destroyed,VMC,"LEWKOWICZ, JOHN D.",Completed,FALSE,,
NYC90LA143,ACC,36674,1990-06-30T14:44:00Z,GROTON,Connecticut,United States,,N1205V,FALSE,DirectorBrief,1993-03-12T05:00:00Z,Fatal,1,0,0,AN IMPACT WITH THE GROUND FOLLOWING AN IMPROPERLY EXECUTED ROLL WITH INSUFFICIENT ALTITUDE FOR RECOVERY. FACTORS RELATED TO THE ACCIDENT WERE IMPROPER USE OF THE FLIGHT CONTROLS BY THE PILOT.,,0,0,BOEING,A75L3,AIR,GON,GROTON,FALSE,1,,UNK,91,Substantial,VMC,RUSSEL GAGE,Completed,FALSE,,
LAX90LA116,ACC,26753,1990-03-13T23:15:00Z,PHOENIX,Arizona,United States,,N271AF,FALSE,DirectorBrief,1992-09-28T04:00:00Z,Fatal,1,0,0,THE UNAUTHORIZED INTRUSION ONTO THE RUNWAY ENVIRONMENT BY A PEDESTRIAN.,,33.43048,-112.010505,BOEING,727-227,AIR,PHX,PHOENIX SKY,FALSE,3,SCHD,UNK,121,Minor,VMC,"ALASKA AIRLINES, INC.",Completed,FALSE,,
CHI90FA075,ACC,14523,1990-02-01T00:50:00Z,INDIANAPOLIS,Indiana,United States,,N519FT,FALSE,DirectorBrief,1992-07-10T04:00:00Z,Fatal,1,0,0,"THE TUG OPERATOR'S FAILURE TO MAINTAIN CONTROL OF THE TUG, POSSIBLY DUE TO HAVING INADVERTENTLY PLACED OR CAUGHT HIS BUILT-UP, STEEL-TOE BOOT UNDER THE BRAKE PEDAL.",,39.730365,-86.290779,BOEING,727,AIR,IND,INDIANAPOLIS INTL,FALSE,3,NSCH,,121,Minor,VMC,FEDERAL EXPRESS,Completed,FALSE,,
DCA90MA019,ACC,15935,1990-01-25T22:34:00Z,COVE NECK,New York,United States,AAR9104,HK201,TRUE,Report,1993-05-10T04:00:00Z,Fatal,73,81,4,"THE FAILURE OF THE FLIGHTCREW TO ADEQUATELY MANAGE THE AIRPLANE'S FUEL LOAD, AND THEIR FAILURE TO COMMUNICATE AN EMERGENCY FUEL SITUATION TO AIR TRAFFIC CONTROL BEFORE FUEL EXHAUSTION OCCURRED.  CONTRIBUTING TO THE ACCIDENT WAS THE FLIGHTCREW'S FAILURE TO USE AN AIRLINE OPERATIONAL CONTROL DISPATCH SYSTEM TO ASSIST THEM DURING THE INTERNATIONAL FLIGHT INTO A HIGH-DENSITY AIRPORT IN POOR WEATHER.  ALSO CONTRIBUTING TO THE ACCIDENT WAS INADEQUATE TRAFFIC FLOW MANAGEMENT BY THE FAA AND THE LACK OF STANDARDIZED UNDERSTANDABLE TERMINOLOGY FOR PILOTS AND CONTROLLERS FOR MINIMUM AND EMERGENCY FUEL STATES.  THE SAFETY BOARD ALSO DETERMINES THAT WINDSHEAR, CREW FATIGUE AND STRESS WERE FACTORS THAT LED TO THE UNSUCCESSFUL COMPLETION OF THE FIRST APPROACH AND THUS CONTRIBUTED TO THE ACCIDENT.",,0,0,BOEING,707-321B,AIR,JFK,JFK INTL,FALSE,4,SCHD,UNK,129,Destroyed,IMC,AVIANCA,Completed,FALSE,,
DCA90MA017,ACC,15933,1990-01-18T20:04:00Z,ATLANTA,Georgia,United States,AAR9103,"N44UE, N8867E",TRUE,Report,1993-05-03T04:00:00Z,Fatal,1,1,0,"(1) FAILURE OF THE FEDERAL AVIATION ADMINISTRATION TO PROVIDE AIR TRAFFIC CONTROL PROCEDURES THAT ADEQUATELY TAKE INTO CONSIDERATION HUMAN PERFORMANCE FACTORS SUCH AS THOSE WHICH RESULTED IN THE FAILURE OF THE NORTH LOCAL CONTROLLER TO DETECT THE DEVELOPING CONFLICT BETWEEN N44UE AND EA 111, AND (2) THE FAILURE OF THE NORTH LOCAL CONTROLLER TO ENSURE THE SEPARATION OF ARRIVING AIRCRAFT WHICH WERE USING THE SAME RUNWAY.  CONTRIBUTING TO THE ACCIDENT WAS THE FAILURE OF THE NORTH LOCAL CONTROLLER TO FOLLOW THE PRESCRIBED PROCEDURE OF ISSUING APPROPRIATE TRAFFIC INFORMATION TO EA 111, AND FAILURE OF THE NORTH FINAL CONTROLLER AND THE RADAR MONITOR CONTROLLER TO ISSUE TIMELY SPEED REDUCTIONS TO MAINTAIN ADEQUATE SEPARATION BETWEEN AIRCRAFT ON FINAL APPROACH.",,0,0,"BEECH, BOEING","A100, 727","AIR,AIR",ATL,HARTSFIELD-ATLANTA INTL,"FALSE,FALSE","2,3",,"POSI,UNK","91,121","Destroyed,Substantial",VMC,",EASTERN AIRLINES",Completed,FALSE,,
MIA90LA042,ACC,32609,1989-12-27T12:40:00Z,MIAMI,Florida,United States,,N822EA,FALSE,DirectorBrief,1991-09-30T04:00:00Z,Fatal,1,0,0,FATAL INJURY TO A STOWAWAY DUE TO ASPHYXIA AND HYPOTHERMIA.,,0,0,BOEING,727-225B,AIR,,,FALSE,3,SCHD,UNK,121,None,VMC,"EASTERN AIR LINES, INC",Completed,FALSE,,
DCA90RA003,ACC,15938,1989-10-21T04:00:00Z,TEGUCIGALPA,,Honduras,,N88705,FALSE,None,,Fatal,131,14,1,,,0,0,BOEING,727-224,AIR,,TONCONTIN INTL,FALSE,3,SCHD,UNK,129,Destroyed,IMC,TAN-SAHSA,N/A,FALSE,,
DCA89MA074,ACC,15921,1989-09-20T23:21:00Z,FLUSHING,New York,United States,AAR9003,N416US,TRUE,Report,1992-10-08T04:00:00Z,Fatal,2,3,18,"THE CAPTAIN'S FAILURE TO EXERCISE HIS COMMAND AUTHORITY IN A TIMELY MANNER TO REJECT THE TAKEOFF OR TAKE SUFFICIENT CONTROL TO CONTINUE THE TAKEOFF, WHICH WAS INITIATED WITH A MISTRIMMED RUDDER. ALSO CAUSAL WAS THE CAPTAIN'S FAILURE TO DETECT THE MISTRIMMED RUDDER BEFORE THE TAKEOFF WAS ATTEMPTED.",,40.769294,-73.870361,BOEING,737-400,AIR,LGA,LA GUARDIA,FALSE,2,SCHD,UNK,121,Destroyed,IMC,USAIR,Completed,FALSE,,
MIA89FA176,ACC,32297,1989-06-15T11:55:00Z,DAYTONA BEACH,Florida,United States,,N57946,FALSE,DirectorBrief,1990-07-11T04:00:00Z,Fatal,1,0,0,THE BIPLANE PILOT FAILED TO SEE AND AVOID THE COLLISION WITH THE BANNER BEING TOWED BY THE OTHER AIRPLANE.,,0,0,BOEING,A-75,AIR,,,FALSE,1,,UNK,91,Destroyed,VMC,,Completed,FALSE,,
DEN89FA131,ACC,17590,1989-06-03T12:40:00Z,MEEKER,Colorado,United States,,N555JW,FALSE,DirectorBrief,1990-08-02T04:00:00Z,Fatal,1,1,0,THE INADVERTENT STALL-SPIN AT AN ALTITUDE INSUFFICIENT TO EFFECT A SAFE RECOVERY. CONTRIBUTING FACTORS INCLUDE HIGH DENSITY ALTITUDE AND WIND SHEAR.,,40.050861,-107.890983,BOEING,PT-17,AIR,2V3,MEEKER,FALSE,1,,UNK,91,Destroyed,VMC,,Completed,FALSE,,
ATL89LA154,ACC,8034,1989-05-29T20:10:00Z,JACKSONVILLE,North Carolina,United States,,N5325N,FALSE,DirectorBrief,1990-07-11T04:00:00Z,Fatal,1,0,0,"THE PILOT ENCOUNTERED AN ACCELERATED STALL DURING AN ABRUPT MANEUVER, LOST CONTROL OF THE AIRPLANE AND DID NOT HAVE SUFFICIENT ALTITUDE TO RECOVER FROM THE ENSUING SPIN PRIOR TO COLLIDING WITH THE GROUND.",,34.760898,-77.399177,BOEING,E75 (PT-13D),AIR,NC61,WINGS ALOFT,FALSE,1,,PERS,91,Destroyed,VMC,CARY J. MYERS,Completed,FALSE,,
DCA89MA027,ACC,15916,1989-02-24T03:09:00Z,HONOLULU,Hawaii,United States,AAR9202,N4713U,TRUE,Report,1990-06-25T04:00:00Z,Fatal,9,5,33,"THE SUDDEN OPENING OF THE IMPROPERLY LATCHED FORWARD LOBE CARGO DOOR IN FLIGHT AND THE SUBSEQUENT EXPLOSIVE DECOMPRESSION. CONTRIBUTING TO THE ACCIDENT WAS A DEFICIENCY IN THE DESIGN OF THE CARGO DOOR LOCKING MECHANISMS, WHICH MADE THEM SUSCEPTIBLE TO INSERVICE DAMAGE, AND WHICH ALOWED THE DOOR TO BE UNATCHED, YET TO SHOW A PROPERLY LATCHED AND LOCKED POSITION. ALSO CONTRIBUTING TO THE ACCIDENT WAS THE LACK OF PROPER MAINTENANCE AND INSPECTION OF THE CARGO DOOR BY UNITED AIRLINES, AND A LACK OF TIMELY CORRECTIVE ACTIONS BY BOEING AND THE FAA FOLLOWING A PREVIOUS DOOR OPENING INCIDENT.",,21.270326,-157.819931,BOEING,747-122,AIR,,,FALSE,4,SCHD,UNK,121,Substantial,VMC,UNITED AIRLINES,Completed,FALSE,,
DCA88MA072,ACC,15900,1988-08-31T09:01:00Z,DALLAS/FT WORTH,Texas,United States,AAR8904,N473DA,TRUE,DirectorBrief,1990-04-24T04:00:00Z,Fatal,14,26,50,"(1) THE CAPTAIN AND FIRST OFFICER'S INADEQUATE COCKPIT DISCIPLINE WHICH RESULTED IN THE FLIGHTCREW'S ATTEMPT TO TAKEOFF WITHOUT THE WING FLAPS AND SLATS PROPERLY CONFIGURED; AND (2) THE FAILURE OF THE TAKEOFF CONFIGURATION WARNING SYSTEM TO ALERT THE CREW THAT THE AIRPLANE WAS NOT PROPERLY CONFIGURED FOR THE TAKEOFF.  CONTRIBUTING TO THE ACCIDENT WAS DELTA'S SLOW IMPLEMENTATION OF NECESSARY MODIFICATIONS TO ITS OPERATING PROCEDURES, MANUAL'S, CHECKLISTS, TRAINING, AND CREW CHECKING PROGRAMS WHICH WERE NECESSITATED BY SIGNIFICANT CHANGES IN THE AIRLINE FOLLOWING RAPID GROWTH AND MERGER.  ALSO CONTRIBUTING TO THE ACCIDENT WAS THE LACK OF SUFFICIENTLY AGGRESSIVE ACTION BY THE FAA TO HAVE KNOWN DEFICIENCIES CORRECTED BY DELTA AND THE LACK OF SUFFICIENT ACCOUNTABILITY WITHIN THE FAA'S AIR CARRIER INSPECTION PROCESS.",,0,0,BOEING,727-232,AIR,DFW,DALLAS/FT. WORTH INTL,FALSE,3,SCHD,UNK,121,Destroyed,VMC,,Completed,FALSE,,
DCA88MA054,ACC,15898,1988-04-28T13:46:00Z,MAUI,Hawaii,United States,AAR8903,N73711,TRUE,DirectorBrief,1990-06-25T04:00:00Z,Fatal,1,7,57,,,0,0,BOEING,737-297,AIR,,,FALSE,2,SCHD,UNK,121,Substantial,VMC,,Completed,FALSE,,
DEN88DTE02,ACC,17326,1987-11-10T15:46:00Z,KEENESBURG,Colorado,United States,,N65110,FALSE,DirectorBrief,1989-02-14T05:00:00Z,Fatal,1,0,0,,,40.099723,-104.509452,BOEING,A75N1,AIR,,,FALSE,1,UNK,AAPL,137,Destroyed,VMC,"AIR DUSTERS, INC.",Completed,FALSE,,
BFO87FA053,ACC,11289,1987-08-11T12:25:00Z,WASHINGTON,District of Columbia,United States,,JA182,FALSE,DirectorBrief,1989-03-22T05:00:00Z,Fatal,1,0,0,,,0,0,BOEING,747-200B,AIR,IAD,DULLES INTL.,FALSE,4,SCHD,UNK,129,None,VMC,ALL NIPPON AIRWAYS,Completed,FALSE,,
DCA87MA026,ACC,15879,1987-04-13T21:55:00Z,KANSAS CITY,Missouri,United States,,N144SP,FALSE,DirectorBrief,1989-02-06T05:00:00Z,Fatal,4,0,0,,,39.089565,-94.579025,BOEING,707-351C,AIR,MCI,KANSAS CITY INTL,FALSE,4,NSCH,,121,Destroyed,IMC,,Completed,FALSE,,
DCA87MA010,ACC,15868,1986-11-06T08:04:00Z,TAMPA,Florida,United States,AAR8706,"N2185P, N4743",TRUE,DirectorBrief,1988-03-07T05:00:00Z,Fatal,1,1,2,,,0,0,"PIPER, BOEING","PA-23-150, 727-235","AIR,AIR",,TAMPA INTL,"FALSE,FALSE","2,3",,"PERS,UNK","91,121","Destroyed,Substantial",IMC,"WILLIAM S. BAIN,PAN AMERICAN",Completed,FALSE,,
LAX86FA014,ACC,24875,1985-10-13T15:45:00Z,SCHELLVILLE,California,United States,,N46871,FALSE,DirectorBrief,,Fatal,1,0,0,,,38.240402,-122.459388,BOEING,A75N1,AIR,0Q3,SONOMA VALLEY,FALSE,1,,PERS,91,Destroyed,VMC,LANCE T. STARKEY,Completed,FALSE,,
DCA85RA007,ACC,15844,1985-01-01T05:00:00Z,LA PAZ,,Bolivia,,N819EA,FALSE,None,,Fatal,29,0,0,,,0,0,BOEING,727-225,AIR,LPB,LA PAZ INTERNATIONAL,FALSE,3,SCHD,UNK,121,Destroyed,Unknown,,N/A,FALSE,,
DEN84FA274,ACC,16236,1984-08-30T09:20:00Z,KALISPELL,Montana,United States,,N5183N,FALSE,DirectorBrief,,Fatal,1,0,0,,,48.189647,-114.379516,BOEING,STEARMAN E75,AIR,,,FALSE,1,UNK,AAPL,137,Substantial,VMC,,Completed,FALSE,,
CHI83LA232,ACC,12189,1983-05-27T17:27:00Z,LEBANON,Indiana,United States,,N52470,FALSE,DirectorBrief,,Fatal,1,1,0,,,40.05017,-86.469848,BOEING,A75N1,AIR,614,BOONE COUNTY,FALSE,1,,PERS,91,Substantial,VMC,,Completed,FALSE,,
MIA83FA027,ACC,71683,1982-11-11T11:30:00Z,MIAMI,Florida,United States,,N707GB,FALSE,DirectorBrief,1983-11-11T05:00:00Z,Fatal,1,0,0,,,0,0,BOEING,707-300,AIR,,,FALSE,4,NSCH,UNK,121,None,VMC,ARROW AIRWAYS,Completed,FALSE,,
DCA82AA028,ACC,69204,1982-07-09T16:09:00Z,NEW ORLEANS,Louisiana,United States,,N4737,TRUE,DirectorBrief,1983-07-09T04:00:00Z,Fatal,153,9,0,,,0,0,BOEING,727-235,AIR,,,FALSE,3,SCHD,UNK,121,Destroyed,VMC,PAN AMERICAN WORLD A/W,Completed,FALSE,,
LAX82FVG23,ACC,72256,1982-05-08T08:50:00Z,PLEASANT GROVE,California,United States,,N68820,FALSE,DirectorBrief,1983-05-08T04:00:00Z,Fatal,1,0,0,,,0,0,BOEING,A75N1,AIR,,CATLETT AG STRIP,FALSE,1,UNK,AAPL,137,Substantial,VMC,"FARM AIR FLY SV, INC.",Completed,FALSE,,
FTW82FRA19,ACC,70194,1982-04-27T11:00:00Z,CHAPELL HILL,Texas,United States,,N1774B,FALSE,DirectorBrief,1983-04-27T04:00:00Z,Fatal,1,0,0,,,0,0,BOEING,A75,AIR,,,FALSE,1,UNK,AAPL,137,Destroyed,VMC,DON ROSE,Completed,FALSE,,
LAX82AA106,ACC,70836,1982-03-13T11:51:00Z,GLENDALE,Arizona,United States,,"KC135, N6160L",FALSE,DirectorBrief,1983-03-13T05:00:00Z,Fatal,6,0,0,,,33.530197,-112.379898,"BOEING, AMERICAN YANKEE","KC-135A, AA-1","AIR,AIR",LUF,,"FALSE,FALSE","4,1",UNK,"UNK,PERS","UNK,091","Destroyed,Destroyed",Unknown,"USAF,JAMES D. BRESHEARS",Completed,FALSE,,
MKC82IA042,INC,71378,1982-03-08T15:45:00Z,LAS VEGAS,Nevada,United States,,N6728,FALSE,DirectorBrief,1983-03-08T05:00:00Z,Fatal,1,0,0,,,0,0,BOEING,707-131B,AIR,LAS,MCCARRAN INTERNATL,FALSE,4,UNK,UNK,121,None,VMC,TRANS WORLD AIRLINES INC,Completed,FALSE,,
DCA82AA011,ACC,69192,1982-01-13T17:01:00Z,WASHINGTON,District of Columbia,United States,,N62AF,TRUE,DirectorBrief,1983-01-13T05:00:00Z,Fatal,78,6,3,,,0,0,BOEING,737-222,AIR,,WASHINGTON NATIONAL,FALSE,2,SCHD,UNK,121,Destroyed,IMC,"AIR FLORIDA, INC",Completed,FALSE,,
CHI81FA058,ACC,125345,1981-05-25T04:00:00Z,WELLINGTON,Ohio,United States,,N206J,FALSE,DirectorBrief,1981-11-17T05:00:00Z,Fatal,1,1,0,,26623,0,0,BOEING,A75,AIR,,BOTSFORD,FALSE,1,,PERS,91,Destroyed,VFR,,Completed,FALSE,,
FTW80FA086,ACC,131237,1980-06-16T04:00:00Z,SAN ANTONIO,Texas,United States,,"N1012M, N36252",FALSE,DirectorBrief,1980-07-31T04:00:00Z,Fatal,3,1,0,,32057,0,0,"BOEING, BELLANCA","PT-17, 7KCAB","AIR,AIR",,RANDOLPH AFB,"FALSE,FALSE","1,1",,",","91,091","Destroyed,Destroyed",VFR,",",Completed,FALSE,,
